May 2018 SMD Report,,,,,,,,,,,,,,,
,,,,,,,,,,,,,,,
"TABLE 1.  U.S. SUGAR SUPPLY AND USE, FISCAL YEAR 2018 (SHORT TONS, RAW VALUE)  1/",,,,,,,,,,,,,,,
,,,,,,,,,,,,,,,
ITEM,OCT,NOV,DEC,JAN,FEB,MAR,APR,MAY,JUN,JUL,AUG,SEP,TOTAL,,
,,,,,,,,,,,,,,,
Beginning stocks,"1,875,992","2,374,424","3,272,654","4,098,621","4,486,609","4,701,759","4,799,932","4,705,977",0,0,0,0,"1,875,992",,
Total production:,"1,414,660","1,648,439","1,625,172","1,142,231","855,544","853,064","531,538","350,122",0,0,0,0,"8,420,771",,
  Beet,"756,071","724,935","703,363","652,515","507,420","462,201","363,198","278,304",0,0,0,0,"4,448,007",,
  Cane,"658,590","923,504","921,809","489,715","348,124","390,863","168,340","71,818",0,0,0,0,"3,972,764",,
Imports,"377,583","251,925","215,198","254,929","172,486","345,416","327,743","296,834",0,0,0,0,"2,242,114",,
Supply,"3,668,235","4,274,789","5,113,024","5,495,781","5,514,640","5,900,238","5,659,213","5,352,933",0,0,0,0,"12,538,876",,
Exports,"37,320","4,773","27,153","28,822","11,953","20,427","10,831","7,043",0,0,0,0,"148,323",,
Domestic deliveries:,"1,184,271","952,949","936,625","1,044,671","786,201","1,102,744","952,093","1,040,938",0,0,0,0,"8,000,493",,
  Non-human,"1,799","1,306","1,182","1,523","1,469","1,433","1,753","4,620",0,0,0,0,"15,085",,
  Products Re-export Program,"8,392","8,803","8,573","9,795","8,772","11,473","17,038","8,957",0,0,0,0,"81,803",,
  Human use:,"1,174,080","942,839","926,870","1,033,354","775,960","1,089,838","933,302","1,027,361",0,0,0,0,"7,903,604",,
    By beet processors,"517,843","470,786","383,427","411,794","411,530","449,553","415,306","427,159",0,0,0,0,"3,487,399",,
    By cane refiners/processors,"538,373","505,595","446,599","476,243","456,869","522,319","480,020","537,304",0,0,0,0,"3,963,322",,
    By non-reporters,"117,864","-33,541","96,845","145,316","-92,439","117,966","37,975","62,898",0,0,0,0,"452,883",,
Miscellaneous supply adjustment,"72,219","44,413","50,625","-64,322","14,727","-22,864","-9,688","-25,714",0,0,0,0,"59,394",,
Use,"1,293,811","1,002,134","1,014,403","1,009,172","812,881","1,100,306","953,236","1,022,267",0,0,0,0,"8,208,210",,
Total ending stocks,"2,374,424","3,272,654","4,098,621","4,486,609","4,701,759","4,799,932","4,705,977","4,330,666",0,0,0,0,"4,330,666",,
,,,,,,,,,,,,,,,
1/  Numbers may not add due to rounding.,,,,,,,,,,,,,,,
,,,,,,,,,,,,,,,
,,,,,,,,,,,,,,,
"TABLE 1-A.  U.S. REFINED AND RAW SUGAR SUPPLY AND USE, FISCAL YEAR 2018 (SHORT TONS, RAW VALUE)  1/",,,,,,,,,,,,,,,
,,,,,,,,,,,,,,,
ITEM,OCT,NOV,DEC,JAN,FEB,MAR,APR,MAY,JUN,JUL,AUG,SEP,TOTAL,,
,,,,,,,,,,,,,,,
Refined Sugar Supply and Use,,,,,,,,,,,,,,,
,,,,,,,,,,,,,,,
Beginning stocks:,"1,199,085","1,422,364","1,687,420","2,031,603","2,265,757","2,376,681","2,384,708","2,370,347",0,0,0,0,"1,199,085",,
Beet,"896,183","1,139,027","1,397,322","1,715,888","1,952,992","2,049,100","2,060,443","2,002,127",0,0,0,0,"896,183",,
Cane,"302,902","283,337","290,098","315,715","312,765","327,581","324,265","368,221",0,0,0,0,"302,902",,
Production:,"1,280,626","1,251,207","1,181,733","1,129,359","995,251","1,007,200","902,294","812,978",0,0,0,0,"8,560,649",,
Beet,"756,071","724,935","703,363","652,515","507,420","462,201","363,198","278,304",0,0,0,0,"4,448,007",,
Cane,"524,556","526,272","478,370","476,844","487,831","544,999","539,097","534,674",0,0,0,0,"4,112,642",,
Imports,"138,674","-32,597","100,297","161,713","-84,422","123,350","43,507","77,170",0,0,0,0,"527,692",,
Supply,"2,618,385","2,640,974","2,969,450","3,322,675","3,176,585","3,507,231","3,330,509","3,260,496",0,0,0,0,"10,287,426",,
Exports,"28,131","4,773","3,552","20,044","11,953","20,427","10,831","7,043",0,0,0,0,"106,754",,
Domestic deliveries:,"1,184,271","952,949","936,625","1,044,671","786,201","1,102,744","952,093","1,040,938",0,0,0,0,"8,000,493",,
Nonhuman and re-export,"10,191","10,109","9,754","11,318","10,241","12,906","18,791","13,577",0,0,0,0,"96,889",,
Food Use:,"1,174,080","942,839","926,870","1,033,354","775,960","1,089,838","933,302","1,027,361",0,0,0,0,"7,903,604",,
By beet processors,"517,843","470,786","383,427","411,794","411,530","449,553","415,306","427,159",0,0,0,0,"3,487,399",,
By cane processors and refiners,"538,373","505,595","446,599","476,243","456,869","522,319","480,020","537,304",0,0,0,0,"3,963,322",,
By non-reporters,"117,864","-33,541","96,845","145,316","-92,439","117,966","37,975","62,898",0,0,0,0,"452,883",,
Miscellaneous supply adjustment,"-16,381","-4,168","-2,330","-7,798","1,751",-648,"-2,762","1,463",0,0,0,0,"-30,872",,
Use,"1,196,022","953,554","937,848","1,056,917","799,905","1,122,523","960,162","1,049,445",0,0,0,0,"8,076,375",,                                                                                        
Ending stocks:,"1,422,364","1,687,420","2,031,603","2,265,757","2,376,681","2,384,708","2,370,347","2,211,051",0,0,0,0,"2,211,051",,
Beet,"1,139,027","1,397,322","1,715,888","1,952,992","2,049,100","2,060,443","2,002,127","1,849,072",0,0,0,0,"1,849,072",,
Cane,"283,337","290,098","315,715","312,765","327,581","324,265","368,221","361,980",0,0,0,0,"361,980",,
,,,,,,,,,,,,,,,
Raw Sugar Supply and Use,,,,,,,,,,,,,,,
,,,,,,,,,,,,,,,
Beginning stocks,"676,906","952,060","1,585,234","2,067,019","2,220,852","2,325,078","2,415,224","2,335,629",0,0,0,0,"676,906",,
Domestically produced,"658,590","923,504","921,809","489,715","348,124","390,863","168,340","71,818",0,0,0,0,"3,972,764",,
Imports,"238,909","284,522","114,901","93,216","256,908","222,066","284,236","219,664",0,0,0,0,"1,714,422",,
Supply,"1,574,405","2,160,087","2,621,943","2,649,950","2,825,885","2,938,007","2,867,800","2,627,111",0,0,0,0,"6,364,092",,
Exports,"9,189",0,"23,601","8,779",0,0,0,0,0,0,0,0,"41,569",,
Melt,"528,114","528,225","484,214","486,944","483,918","546,894","544,818","527,039",0,0,0,0,"4,130,166",,
Miscellaneous supply adjustment,"85,042","46,627","47,110","-66,625","16,889","-24,111","-12,647","-19,542",0,0,0,0,"72,742",,
Use,"622,345","574,853","554,925","429,098","500,807","522,783","532,171","507,497",0,0,0,0,"4,244,477",,
Ending stocks,"952,060","1,585,234","2,067,019","2,220,852","2,325,078","2,415,224","2,335,629","2,119,615",0,0,0,0,"2,119,615",,
,,,,,,,,,,,,,,,
1/  Numbers may not add due to rounding.,,,,,,,,,,,,,,,
,,,,,,,,,,,,,,,
,,,,,,,,,,,,,,,
"TABLE 1-B:  IMPORTS BY CANE REFINERS AND NON REPORTERS OF RAW AND REFINED SUGAR, FROM MEXICO AND THE REST OF THE WORLD, FY 2018 (SHORT TONS, RAW VALUE) 1/",,,,,,,,,,,,,,,
,,,,,,,,,,,,,,,
ITEM,OCT,NOV,DEC,JAN,FEB,MAR,APR,MAY,JUN,JUL,AUG,SEP,TOTAL,,
,,,,,,,,,,,,,,,
Cane Refiner Raw Imports from MX,0,23,0,"18,908","111,626","159,081","191,360","124,691",0,0,0,0,"605,689",,
Cane Refiner Refined Imports from MX,793,381,"2,517","3,350","2,263","2,670",902,"3,386",0,0,0,0,"16,262",,
Non Reporter Refined Imports from MX,"12,712","21,590","19,858","49,076","-48,545","77,933","34,640","9,712",0,0,0,0,"176,976",,
Total Imports from MX,"13,505","21,994","22,375","71,334","65,344","239,684","226,902","137,789",0,0,0,0,"798,927",,
,,,,,,,,,0,0,0,0,,,
Cane Refiner Raw Imports from ROW,"238,909","284,499","114,901","74,308","145,282","62,985","92,876","94,973",0,0,0,0,"1,108,733",,
Cane Refiner Refined Imports from ROW,"20,017",563,936,"13,046","5,754","2,715","4,630","10,887",0,0,0,0,"58,548",,
Non Reporter Refined Imports from ROW,"105,152","-55,131","76,986","96,241","-43,895","40,031","3,335","53,185",0,0,0,0,"275,904",,
Total Imports from ROW,"364,078","229,931","192,823","183,595","107,141","105,731","100,841","159,045",0,0,0,0,"1,443,185",,
,,,,,,,,,,,,,,,
Total Cane Refiner Raw Imports,"238,909","284,522","114,901","93,216","256,908","222,066","284,236","219,664",0,0,0,0,"1,714,422",,
Total Cane Refiner Refined Imports,"20,810",944,"3,453","16,396","8,017","5,385","5,532","14,273",0,0,0,0,"74,810",,
Total Non Reporter Refined Imports,"117,864","-33,541","96,844","145,317","-92,439","117,965","37,975","62,897",0,0,0,0,"452,882",,
Total Imports,"377,583","251,925","215,198","254,929","172,486","345,416","327,743","296,834",0,0,0,0,"2,242,114",,
,,,,,,,,,,,,,,,
"1/  Detailed information about the construction of this table was published in the May 2015 SMD report, which may be viewed here:  http://www.fsa.usda.gov/Assets/USDA-FSA-Public/usdafiles/EPAS/PDF/may_2015_smd_notes.pdf  ",,,,,,,,,,,,,,,
,,,,,,,,,,,,,,,
,,,,,,,,,,,,,,,
"TABLE 2.  U. S. SUGAR SUPPLY AND USE BY BEET PROCESSORS, FISCAL YEAR 2018 (SHORT TONS, RAW VALUE)    1/",,,,,,,,,,,,,,,
,,,,,,,,,,,,,,,
ITEM,OCT,NOV,DEC,JAN,FEB,MAR,APR,MAY,JUN,JUL,AUG,SEP,TOTAL,,
,,,,,,,,,,,,,,,
Beginning stocks:,"896,183","1,139,027","1,397,322","1,715,888","1,952,992","2,049,100","2,060,443","2,002,127",0,0,0,0,"896,183",,
    Processor stocks,"204,419","813,080","1,227,423","1,614,405","1,867,173","1,986,098","2,006,965","1,954,899",0,0,0,0,"204,419",,
    Stocks held for others,"691,764","325,947","169,899","101,483","85,819","63,002","53,478","47,227",0,0,0,0,"691,764",,
Beet sugar production,"756,071","724,935","703,363","652,515","507,420","462,201","363,198","278,304",0,0,0,0,"4,448,007",,
Beets sliced (net tons),"4,765,929","4,595,691","4,596,042","4,306,845","3,343,360","2,714,901","1,952,148","1,417,082",0,0,0,0,"27,691,998",,
Supply,"1,652,254","1,863,962","2,100,685","2,368,403","2,460,412","2,511,300","2,423,641","2,280,431",0,0,0,0,"5,344,190",,
Exports,0,40,20,0,0,0,120,0,0,0,0,0,181,,
Domestic deliveries:,"518,415","471,093","383,590","412,271","412,060","450,860","420,780","431,722",0,0,0,0,"3,500,792",,
    Alcohol non-human use,0,0,0,0,0,0,0,0,0,0,0,0,0,,
    Livestock feed,541,260,141,476,319,277,445,"1,225",0,0,0,0,"3,685",,
    Products Re-export Program,30,48,22,0,211,"1,030",5029,3338,0,0,0,0,"9,708",,
    Human use:  ,"517,843","470,786","383,427","411,794","411,530","449,553","415,306","427,159",0,0,0,0,"3,487,399",,
        Domestic food use sales,"152,026","314,738","315,010","396,131","388,712","440,029","409,056","419,837",0,0,0,0,"2,835,540",,
        Undelivered sales,"11,235",0,"5,029","10,700",0,0,0,0,0,0,0,0,26964,,
"        Sold previous, delivered this FY","377,052","156,048","73,446","26,363","22,817","9,524","6,251","7,322",0,0,0,0,"678,823",,
Miscellaneous:,"-5,188","-4,494","1,187","3,140",-749,-2,613,-363,0,0,0,0,"-5,855",,
    Inventory adjustment  2/,238,603,"1,452",516,408,"1,583",425,1624,0,0,0,0,6849,,
    Intra-industry sales less receipts  3/,"-5,426","-5,097",-265,"2,625","-1,156","-1,586",189,"-1,987",0,0,0,0,"-12,704",,
Use,"513,227","466,640","384,797","415,411","411,312","450,858","421,514","431,359",0,0,0,0,"3,495,118",,
Ending stocks:,"1,139,027","1,397,322","1,715,888","1,952,992","2,049,100","2,060,443","2,002,127","1,849,072",0,0,0,0,"1,849,072",,
    Processor stocks,"813,080","1,227,423","1,614,405","1,867,173","1,986,098","2,006,965","1,954,899","1,809,167",0,0,0,0,"1,809,167",,
    Stocks held for others,"325,947","169,899","101,483","85,819","63,002","53,478","47,227","39,905",0,0,0,0,"39,905",,
,,,,,,,,,,,,,,,
"1/ Numbers may not add due to rounding.  2/ Data for damaged refined crystalline are included.  3/ Reflects sales of sugar by processors to other processors and refiners, less receipts of such sales.",,,,,,,,,,,,,,,
,,,,,,,,,,,,,,,
,,,,,,,,,,,,,,,
"TABLE 3.  U. S. SUGAR SUPPLY AND USE BY CANE PROCESSORS, FISCAL YEAR 2018 (SHORT TONS, RAW VALUE)  1/",,,,,,,,,,,,,,,
,,,,,,,,,,,,,,,
ITEM,OCT,NOV,DEC,JAN,FEB,MAR,APR,MAY,JUN,JUL,AUG,SEP,TOTAL,,
,,,,,,,,,,,,,,,
Beginning stocks,"12,982","446,448","998,576","1,528,744","1,773,405","1,845,775","1,934,372","1,746,270",0,0,0,0,"12,982",,
Cane sugar production,"658,590","923,504","921,809","489,715","348,124","390,863","168,340","71,818",0,0,0,0,"3,972,764",,
Supply,"671,571","1,369,952","1,920,384","2,018,460","2,121,529","2,236,638","2,102,713","1,818,088",0,0,0,0,"3,985,745",,
Exports,"9,189",0,"23,601","8,779",0,0,0,0,0,0,0,0,"41,569",,
Domestic deliveries:,63,30,72,87,10,22,36,181,0,0,0,0,502,,
     Alcohol non-human use,0,0,0,0,0,0,0,0,0,0,0,0,0,,
     Livestock feed,63,30,72,87,10,22,36,181,0,0,0,0,502,,
     Domestic food use sales,0,0,0,0,0,0,0,0,0,0,0,0,0,,
Miscellaneous:,"215,871","371,346","367,967","236,188","275,744","302,244","356,406","292,485",0,0,0,0,"2,418,251",,
     Inventory adjustment,25,"-6,884",0,15,9,21,"15,460",0,0,0,0,0,"8,645",,
     Intra-industry sales less receipts  2/,"215,847","378,230","367,967","236,173","275,736","302,222","340,946","292,485",0,0,0,0,"2,409,606",,
Use,"225,123","371,376","391,640","245,054","275,754","302,266","356,442","292,666",0,0,0,0,"2,460,323",,
Ending stocks,"446,448","998,576","1,528,744","1,773,405","1,845,775","1,934,372","1,746,270","1,525,423",0,0,0,0,"1,525,423",,
,,,,,,,,,,,,,,,
"1/ Numbers may not add due to rounding.  2/  Reflects sales of sugar by processors to other processors and refiners, less receipts of such sales.  ",,,,,,,,,,,,,,,
,,,,,,,,,,,,,,,
,,,,,,,,,,,,,,,
"TABLE 4.  U.S. SUGAR SUPPLY AND USE BY CANE REFINERS, FISCAL YEAR 2018 (SHORT TONS, RAW VALUE)   1/",,,,,,,,,,,,,,,
,,,,,,,,,,,,,,,
ITEM,OCT,NOV,DEC,JAN,FEB,MAR,APR,MAY,JUN,JUL,AUG,SEP,TOTAL,,
,,,,,,,,,,,,,,,
Beginning stocks,"966,827","788,950","876,757","853,989","760,212","806,884","805,117","957,580",0,0,0,0,"966,827",,
Raw imports,"238,909","284,522","114,901","93,216","256,908","222,066","284,236","219,664",0,0,0,0,"1,714,422",,
Refined imports,"20,810",944,"3,453","16,396","8,017","5,385","5,532","14,273",0,0,0,0,"74,810",,
Supply,"1,226,547","1,074,416","995,110","963,602","1,025,137","1,034,334","1,094,885","1,191,516",0,0,0,0,"2,756,059",,
Exports,"28,131","4,733","3,532","20,044","11,953","20,427","10,710","7,043",0,0,0,0,"106,573",,
Domestic deliveries:,"547,930","515,366","456,118","486,997","466,570","533,896","493,302","546,137",0,0,0,0,"4,046,316",,
    Ethanol,0,0,0,0,0,0,0,0,0,0,0,0,0,,
    Polyhydric alcohol,"1,138",987,894,876,"1,133",886,"1,010","2,808",0,0,0,0,"9,732",,
    Livestock feed,57,29,75,84,7,247,262,406,0,0,0,0,"1,166",,
    Products Re-export Program,"8,362","8,755","8,551","9,795","8,561","10,444","12,009","5,620",0,0,0,0,"72,096",,
    Domestic food use sales,"538,373","505,595","446,599","476,243","456,869","522,319","480,020","537,304",0,0,0,0,"3,963,322",,
Miscellaneous:,"-138,464","-322,440","-318,530","-303,651","-260,269","-325,105","-366,707","-317,836",0,0,0,0,"-2,353,002",,
    Refining loss,"3,558","1,953","5,844","10,101","-3,913","1,895","5,722","-7,636",0,0,0,0,"17,525",,
    Inventory adjustment,"1,952",271,616,"1,241","3,551","2,880",968,"2,200",0,0,0,0,"13,679",,
    Intra-industry sales less receipts  2/,"-143,975","-324,664","-324,990","-314,992","-259,906","-329,880","-373,398","-312,401",0,0,0,0,"-2,384,205",,
Use,"437,597","197,659","141,121","203,390","218,254","229,217","137,305","235,345",0,0,0,0,"1,799,887",,
Ending stocks,"788,950","876,757","853,989","760,212","806,884","805,117","957,580","956,172",0,0,0,0,"956,172",,
,,,,,,,,,,,,,,,
"1/  Numbers may not add due to rounding.  2/ Reflects sales of sugar by refiners to other processors and refiners, less receipts of such sales. 3/ FY 2018 exports to date include exports of raw sugar (52,131 st,rv) and refined beet sugar (22,314 st,rv).",,,,,,,,,,,,,,,
,,,,,,,,,,,,,,,
,,,,,,,,,,,,,,,
"TABLE 5.  U.S. SUGAR PRODUCTION BY SUGAR BEET AND SUGARCANE PROCESSORS, FISCAL YEAR 2018 AND 2017 (SHORT TONS, RAW VALUE)  1/",,,,,,,,,,,,,,,
,,,,,,,,,,,,,,,
FY 2018,OCT,NOV,DEC,JAN,FEB,MAR,APR,MAY,JUN,JUL,AUG,SEP,TOTAL,,
,,,,,,,,,,,,,,,
From domestic sugar beets,"756,071","724,935","703,363","623,082","498,912","462,201","363,198","278,304",0,0,0,0,"4,410,065",,
From imported sugar beets,0,0,0,"29,434","8,507",0,0,0,0,0,0,0,"37,941",,
       Subtotal,"756,071","724,935","703,363","652,515","507,420","462,201","363,198","278,304",0,0,0,0,"4,448,007",,
Cane production:,,,,,,,,,,,,,,,
   Florida,"114,056","290,469","334,583","342,520","324,905","364,914","147,778","63,830",0,0,0,0,"1,983,056",,
   Louisiana,"534,205","604,027","566,285","118,394",0,0,0,0,0,0,0,0,"1,822,912",,
   Texas,"10,328","29,008","20,941","28,801","23,219","25,949","20,562","7,988",0,0,0,0,"166,797",,
       Subtotal,"658,590","923,504","921,809","489,715","348,124","390,863","168,340","71,818",0,0,0,0,"3,972,764",,
Total,"1,414,660","1,648,439","1,625,172","1,142,231","855,544","853,064","531,538","350,122",0,0,0,0,"8,420,771",,
,,,,,,,,,,,,,,,
FY 2017,,,,,,,,,,,,,,,
,,,,,,,,,,,,,,,
From domestic sugar beets,"721,763","690,929","676,290","594,100","504,558","470,387","384,727","189,310","69,011","50,988","172,783","541,872","5,066,719",,
From imported sugar beets,0,0,0,0,"30,929","5,304",0,0,0,0,0,0,"36,233",,
       Subtotal,"721,763","690,929","676,290","594,100","535,487","475,692","384,727","189,310","69,011","50,988","172,783","541,872","5,102,952",,
Cane production:,,,,,,,,,,,,,,,
   Florida,"192,621","351,853","328,683","371,309","318,391","328,222","128,123","35,465",0,0,0,0,"2,054,667",,
   Hawaii,"23,121","14,731","5,346",0,0,0,0,0,0,0,0,0,"43,197",,
   Louisiana,"519,008","575,979","480,359","18,179",0,0,0,0,0,0,0,"34,918","1,628,443",,
   Texas,"24,533","24,511","23,813","23,450","24,230","14,988","4,812",0,0,0,0,0,"140,336",,
       Subtotal,"759,282","967,073","838,202","412,938","342,621","343,209","132,934","35,465",0,0,0,"34,918","3,866,644",,
Total,"1,481,045","1,658,003","1,514,492","1,007,038","878,108","818,901","517,662","224,775","69,011","50,988","172,783","576,790","8,969,596",,
,,,,,,,,,,,,,,,
1/ Numbers may not add due to rounding.,,,,,,,,,,,,,,,
,,,,,,,,,,,,,,,
,,,,,,,,,,,,,,,
,,,,,,,,,,,,,,,
Table 5A. Beet Monthly Estimate FY 2018 - For the July 2018 WASDE 1/ 2/ 3/,,,,,,,,,,,,,,,
,,,,,,,,,,,,,,,
ITEM,MAY 17,JUN,JUL,AUG,SEP,OCT,NOV,DEC,JAN 18,FEB,MAR,APR,MAY,JUN,
Sugar Beets Planted (Acres),"1,132,448","1,131,472","1,131,473","1,136,000","1,136,000","1,135,996","1,135,996","1,136,420","1,237,031","1,135,972","1,135,972","1,135,972","1,135,972","1,135,972",
Harvested to Planted Acres (Percent),99.2,99.2,97.6,97.4,98.6,99.4,99.0,98.6,90.5,98.6,98.6,98.6,98.6,98.6,
Sugar Beets Harvested (Acres),"1,123,755","1,122,879","1,104,840","1,106,298","1,120,504","1,129,233","1,124,932","1,120,118","1,120,119","1,119,862","1,119,862","1,119,812","1,119,862","1,119,862",
Sugar Beets Harvested per Acre (Tons),31,30.9,31.9,32.4,31.9,31.8,31.7,31.9,31.9,31.8,31.8,31.8,31.8,31.8,
Sugar Beets Harvested (Tons),"34,783,374","34,738,195","35,234,886","35,838,440","35,738,915","35,907,057","35,698,802","35,677,224","35,677,225","35,665,577","35,665,577","35,643,388","35,628,098","35,628,098",
Sugar Beets Purchased From Another Processor (Tons),0,0,0,0,0,0,0,0,0,0,0,0,0,0,
Sugar Beets Harvested and Purchased (Tons),"34,783,374","34,738,195","35,234,886","35,838,440","35,738,915","35,907,057","35,698,802","35,677,224","35,677,225","35,665,577","35,665,577","35,643,388","35,628,098","35,628,098",
Weight (Shrink)/Gain (Percent),-6.7,-6.7,-7,-6.9,-6.7,-7.0,-7.1,-6.8,-7.2,-7.1,-7.2,-7.5,-8.0,-7.8,
Sugar Beets Sliced (Tons),"32,442,536","32,400,733","32,776,794","33,379,331","33,331,503","33,378,425","33,176,229","33,263,748","33,101,414","33,120,923","33,083,861","32,967,910","32,788,610","32,833,496",
Sugar Content in Beets Harvested (Percent),17.7,17.7,17.6,17.5,17.6,17.5,17.5,17.6,17.6,17.6,17.6,17.6,17.6,17.6,
Sugar Content in Cossetes to Sugar Content in Harvested Beets (Percent),98.9,98.9,98.9,99.4,98.9,98.9,99.4,98.9,99.4,99.4,99.4,99.4,99.4,99.4,
Sugar Content in Cossettes (Percent),17.5,17.5,17.4,17.4,17.4,17.3,17.4,17.4,17.5,17.5,17.5,17.5,17.5,17.5,
Extraction Rate (Percent),82.9,82.9,82.7,82.4,82.4,82.3,82.5,82.3,82.2,82.1,81.2,80.7,80.6,80.5,
Sugar Produced from Beets (STRV),"5,033,724","5,027,360","5,060,032","5,110,614","5,108,248","5,087,085","5,090,295","5,103,785","5,100,592","5,107,441","5,038,636","4,993,102","4,955,872","4,950,791",
Molasses Desugared (Tons),"1,144,271","1,144,271","1,139,271","1,132,890","1,139,326","1,090,797","1,072,157","1,090,645","1,091,272","1,082,579","1,097,078","1,152,207","1,150,207","1,149,932",
Tons Recovered per Ton of Molasses,0.3,0.3,0.4,0.3,0.3,0.4,0.4,0.4,0.4,0.4,0.4,0.4,0.3,0.3,
Sugar Produced from Molasses (STRV),"396,017","396,017","399,524","395,311","397,313","404,058","394,359","402,801","402,783","384,233","386,414","405,925","397,271","397,492",
Total Crop Year Sugar Produced (STRV),"5,429,741","5,423,377","5,459,556","5,505,925","5,505,561","5,491,143","5,484,654","5,506,586","5,503,375","5,491,674","5,425,050","5,399,027","5,353,144","5,348,283",
Previous September Production (STRV),"647,869","647,869","704,044","712,470","642,297","676,048","677,869","677,869","677,869","677,869","677,869","677,869","677,869","677,869",
Plus Next September Production (STRV),"640,365","640,365","653,740","661,631","634,022","634,022","634,022","634,022","634,022","634,022","634,022","612,622","639,988","682,497",
Fiscal Year Production (CWT 'as made'),"101,350,234","101,231,287","101,107,520","101,964,239","102,753,012","101,852,651","101,697,319","102,107,270","102,047,248","101,828,537","100,583,233","99,696,820","99,350,703","100,054,400",
Total Sugar Production Forecast (STRV),"5,422,238","5,415,874","5,409,252","5,455,087","5,497,286","5,449,117","5,440,807","5,462,739","5,459,528","5,447,827","5,381,203","5,333,780","5,315,263","5,352,910",
Forecast: Slice Days (Number of Days),187,187,187,189,189,189,189,189,189,189,189,189,173,197,
Forecast: Sugar Beets Sliced per Day (Tons),"20,803","13,923","22,431","22,422","21,909","22,089","22,082","23,283","22,103","22,115","22,115","22,004","23,981","21,531",
Forecast: Sugar Beets Sliced (Tons),"3,890,173","2,603,673","4,194,673","4,237,673","4,140,728","4,174,835","4,173,443","4,400,558","4,177,427","4,179,827","4,179,827","4,158,776","4,148,715","4,241,584",
Forecast: STRV Produced per Ton Sliced,0.14,0.22,0.14,0.14,0,0,0,0,0,0,0,0,0.14,0.14,
Forecast: Sugar Produced from Sugar Beets (STRV),"561,645","561,645","575,020","580,771","575,223","577,574","577,734","576,579","576,579","576,771","576,643","559,122","568,612","608,835",
Forecast: Sugar Produced from Juice and/or Molasses (STRV),"78,720","78,720","78,720","80,860","58,799","56,448","56,288","57,443","57,443","57,251","57,379","53,500","71,376","73,661",
Forecast: Total September Sugar Produced (STRV),"640,365","640,365","653,740","661,631","634,022","634,022","634,022","634,022","634,022","634,022","634,022","612,622","639,988","682,497",
"1/ NUMBERS MAY NOT ADD DUE TO ROUNDING. INCLUDES DAMAGED REFINED CRYSTALLINE SUGAR. DELIVERIES FROM DOMESTIC SUGAR BEET PROCESSORS, SUGARCANE PROCESSORS AND CANE",,,,,,,,,,,,,,,
"REFINERS.  2/ SHORT TONS RAW VALUE REPRESENTS 1.07 MULTIPLIED BY ACTUAL WEIGHT.  3/ INCLUDES ALL LIQUID, EDIBLE MOLASSES, SUGAR SYRUPS AND CANE JUICE.",,,,,,,,,,,,,,,
,,,,,,,,,,,,,,,
,,,,,,,,,,,,,,,
Table 5B. Beet Monthly Forecast FY 2019 - For the July 2018 WASDE 1/ 2/ 3/,,,,,,,,,,,,,,,
,,,,,,,,,,,,,,,
ITEM,MAY 18,JUN,,,,,,,,,,,,,
Sugar Beets Planted (Acres),"1,119,091","1,115,678",,,,,,,,,,,,,
Harvested to Planted Acres (Percent),99.7,99.6,,,,,,,,,,,,,
Sugar Beets Harvested (Acres),"1,115,349","1,111,237",,,,,,,,,,,,,
Sugar Beets Harvested per Acre (Tons),31.7,31.8,,,,,,,,,,,,,
Sugar Beets Harvested (Tons),"35,356,803","35,296,674",,,,,,,,,,,,,
Sugar Beets Purchased From Another Processor (Tons),0,0,,,,,,,,,,,,,
Sugar Beets Harvested and Purchased (Tons),"35,356,803","35,296,674",,,,,,,,,,,,,
Weight (Shrink)/Gain (Percent),-7.0,-7.1,,,,,,,,,,,,,
Sugar Beets Sliced (Tons),"32,891,807","32,783,709",,,,,,,,,,,,,
Sugar Content in Beets Harvested (Percent),17.7,17.6,,,,,,,,,,,,,
Sugar Content in Cossetes to Sugar Content in Harvested Beets (Percent),98.9,98.9,,,,,,,,,,,,,
Sugar Content in Cossettes (Percent),17.5,17.4,,,,,,,,,,,,,
Extraction Rate (Percent),82.8,82.5,,,,,,,,,,,,,
Sugar Produced from Beets,"5,096,050","5,046,964",,,,,,,,,,,,,
Molasses Desugared (Tons),"1,179,824","1,179,824",,,,,,,,,,,,,
Tons Recovered per Ton of Molasses,0.3,0.3,,,,,,,,,,,,,
Sugar Produced from Molasses,"407,221","404,941",,,,,,,,,,,,,
Total Crop Year Sugar Produced,"5,503,271","5,451,905",,,,,,,,,,,,,
Previous September Production,"639,988","682,497",,,,,,,,,,,,,
Plus Next September Production,"656,038","701,401",,,,,,,,,,,,,
Fiscal Year Production,"103,164,883","102,258,114",,,,,,,,,,,,,
Total Sugar Production Forecast (STRV),"5,519,321","5,470,809",,,,,,,,,,,,,
Forecast: Slice Days (Number of Days),190,214,,,,,,,,,,,,,
Forecast: Sugar Beets Sliced per Day (Tons),"21,556","21,534",,,,,,,,,,,,,
Forecast: Sugar Beets Sliced (Tons),"4,095,584","4,608,189",,,,,,,,,,,,,
Forecast: STRV Produced per Ton Sliced,0.142,0.14,,,,,,,,,,,,,
Forecast: Sugar Produced from Sugar Beets,"583,459","630,403",,,,,,,,,,,,,
Forecast: Sugar Produced from Juice and/or Molasses,"72,579","70,998",,,,,,,,,,,,,
Forecast: Total September Sugar Produced,"656,038","701,401",,,,,,,,,,,,,
1/ Refers to current crop production that occurred in the last fiscal year. ,,,,,,,,,,,,,,,
2/ Refers to next year's crop production that will occur in the current fiscal year. ,,,,,,,,,,,,,,,
,,,,,,,,,,,,,,,
,,,,,,,,,,,,,,,
Table 5C. Florida Estimate FY 2018 - For the July 2018 WASDE 1/,,,,,,,,,,,,,,,
,,,,,,,,,,,,,,,
ITEM,MAY 17,JUN,JUL,AUG,SEP,OCT,NOV,DEC,JAN 18,FEB,MAR,APR,MAY,JUN,
Sugarcane Planted (Acres),"410,115","411,982","411,982","413,087","413,087","413,087","410,919","410,919","410,779","410,779","410,731","410,700","411,718","411,718",
Sugarcane Harvested to Planted (Percent),96.3,96.3,96.3,96.1,96.1,96.1,96,96,96.2,96.2,95.9,95.9,95.8,95.8,
Sugarcane Harvested for Sugar (Acres),"394,776","396,543","396,543","396,921","396,921","396,921","394,504","394,504","395,271","395,271","394,003","394,003","394,337","394,337",
Sugarcane Harvested (Tons per Acre),44.2,44.1,44.3,44.5,43.3,43.3,45,45.2,44,44,43.7,43.8,43.9,43.9,
Sugarcane Harvested for Sugar (Tons),"17,467,012","17,500,351","17,573,718","17,656,747","17,195,560","17,195,560","17,739,635","17,823,859","17,404,502","17,406,627","17,202,348","17,270,627","17,293,323","17,293,577",
Recovery Rate (Percent),11.9,12,12,12,11.8,11.8,11.6,11.7,11.5,11.5,11.5,11.6,11.5,11.5,
Sugar Production (STRV),"2,087,177","2,099,611","2,108,159","2,116,127","2,034,555","2,034,558","2,063,377","2,076,740","1,993,596","2,002,607","1,983,320","1,997,776","1,983,389","1,982,981",
Previous Sept. Production (STRV),0,0,0,0,0,0,0,0,0,0,0,0,0,0,
Next Sept. Production (STRV),0,0,0,0,0,0,0,0,0,0,0,0,0,0,
Fiscal Year Sugar Production (STRV),"2,087,177","2,099,611","2,108,159","2,116,127","2,034,555","2,034,558","2,063,377","2,076,740","1,993,596","2,002,607","1,983,320","1,997,776","1,983,389","1,982,981",
Sugarcane Harvested for Seed (Tons),"715,318","705,318","715,905","745,168","745,168","745,168","744,313","744,313","701,177","701,177","837,970","844,610","824,964","824,964",
Sugarcane Harvested for Seed (Acres),"15,339","15,439","15,439","16,166","16,166","16,166","16,415","16,415","15,508","15,508","17,728","17,697","17,381","17,381",
Sugarcane Harvested for Seed per Acre,47,46,46,46,46,46,45,45,45,45,47,48,47,47,
"FY Sugar Production (CWT,RV) for 832","41,743,538","41,992,229","42,163,174","42,322,537","40,691,102","40,691,168","41,267,543","41,534,809","39,871,912","40,052,138","39,666,406","39,955,522","39,667,776","39,659,621",
1/ MAY INCLUDE NEW CROP PRODUCTION FROM PREVIOUS AUGUST.,,,,,,,,,,,,,,,
,,,,,,,,,,,,,,,
,,,,,,,,,,,,,,,
Table 5D. Florida Forecast FY 2019 - For the July 2018 WASDE 1/,,,,,,,,,,,,,,,
,,,,,,,,,,,,,,,
ITEM,MAY 18,JUN,,,,,,,,,,,,,
Sugarcane Planted (Acres),"418,609","412,560",,,,,,,,,,,,,
Sugarcane Harvested to Planted (Percent),96.7,96.6,,,,,,,,,,,,,
Sugarcane Harvested for Sugar (Acres),"404,804","398,655",,,,,,,,,,,,,
Sugarcane Harvested (Tons per Acre),43.8,43.9,,,,,,,,,,,,,
Sugarcane Harvested for Sugar (Tons),"17,740,233","17,496,625",,,,,,,,,,,,,
Recovery Rate (Percent),11.8,11.7,,,,,,,,,,,,,
Sugar Production (STRV),"2,086,854","2,051,941",,,,,,,,,,,,,
Previous Sept. Production (STRV),0,0,,,,,,,,,,,,,
Next Sept. Production (STRV),0,0,,,,,,,,,,,,,
Fiscal Year Sugar Production (STRV),"2,086,854","2,051,941",,,,,,,,,,,,,
Sugarcane Harvested for Seed (Tons),"624,718","644,718",,,,,,,,,,,,,
Sugarcane Harvested for Seed (Acres),"13,805","13,905",,,,,,,,,,,,,
Sugarcane Harvested for Seed per Acre,45,46,,,,,,,,,,,,,
"FY Sugar Production (CWT,RV) for 832","41,737,080","41,038,828",,,,,,,,,,,,,
1/ MAY INCLUDE NEW CROP PRODUCTION FROM PREVIOUS AUGUST.,,,,,,,,,,,,,,,
,,,,,,,,,,,,,,,
Table 5E. Louisiana Estimate FY 2018 - For the July 2018 WASDE  1/,,,,,,,,,,,,,,,
,,,,,,,,,,,,,,,
ITEM,MAY 17,JUN,JUL,AUG,SEP,OCT,NOV,DEC,JAN 18,FEB,MAR,APR,MAY,JUN,
Sugarcane Planted (Acres),"451,895","446,191","444,595","444,595","444,595","447,247","447,247","448,147","448,468","446,404","450,404","450,404","450,404","450,404",
Sugarcane Harvested to Planted (Percent),92.5,92.7,92.9,92.9,92.9,92.9,93.0,93.1,93.0,92.8,92.6,92.6,92.6,92.4,
Sugarcane Harvested for Sugar (Acres),"417,844","413,399","412,826","412,826","412,826","415,378","416,138","417,038","417,200","414,247","417,247","417,247","417,057","416,057",
Sugarcane Harvested (Tons per Acre),33.8,33.9,34.4,34.5,34.6,35.4,36.1,36.1,36.2,36.5,36.4,36.4,36.3,36.4,
Sugarcane Harvested for Sugar (Tons),"14,127,108","14,028,189","14,203,028","14,226,028","14,284,528","14,718,006","15,017,280","15,060,594","15,114,416","15,114,616","15,167,616","15,167,616","15,141,986","15,128,986",
Recovery Rate (Percent),11.9,11.9,11.9,11.9,11.9,12.0,12.3,12.3,12.3,12.3,12.3,12.3,12.3,12.3,
Sugar Production (STRV),"1,680,541","1,667,397","1,689,284","1,690,827","1,704,425","1,765,769","1,846,087","1,850,977","1,854,159","1,858,263","1,860,027","1,860,027","1,862,521","1,860,961",
Previous Sept. Production (STRV),"58,200","58,200","62,100","62,100","62,100","34,918","34,918","34,918","34,918","34,918","34,918","34,918","34,918","34,918",
Next Sept. Production (STRV),"58,000","59,000","59,000","59,000","57,000","57,000","61,968","69,965","73,500","73,500","73,500","73,500","75,200","85,700",
Fiscal Year Sugar Production (STRV),"1,680,341","1,668,197","1,686,184","1,687,727","1,699,325","1,787,850","1,873,136","1,886,024","1,892,740","1,896,844","1,898,608","1,898,608","1,902,803","1,911,743",
Sugarcane Harvested for Seed (Tons),"775,197","858,622","831,626","832,815","832,815","843,363","823,023","820,990","682,776","844,374","846,974","846,974","852,921","608,429",
Sugarcane Harvested for Seed (Acres),"20,057","22,592","21,569","21,569","21,569","21,669","20,909","20,909","16,809","21,957","21,957","20,392","20,582","266,639",
Sugarcane Harvested for Seed per Acre,39,38,39,39,39,39,39,39,41,38,39,42,41,2,
"FY Sugar Production (CWT,RV) for 832","33,606,813","33,363,944","33,723,671","33,754,531","33,986,506","35,757,002","37,462,722","37,720,478","37,854,803","37,936,885","37,972,165","37,972,165","38,056,061","38,234,861",
1/ MAY INCLUDE NEW CROP PRODUCTION FROM PREVIOUS AUGUST.,,,,,,,,,,,,,,,
,,,,,,,,,,,,,,,
,,,,,,,,,,,,,,,
Table 5F. Louisiana Forecast FY 2019 - For the July 2018 WASDE  1/,,,,,,,,,,,,,,,
,,,,,,,,,,,,,,,
ITEM,MAY 18,JUN,,,,,,,,,,,,,
Sugarcane Planted (Acres),"455,784","463,090",,,,,,,,,,,,,
Sugarcane Harvested to Planted (Percent),92.8,92.9,,,,,,,,,,,,,
Sugarcane Harvested for Sugar (Acres),"422,978","430,040",,,,,,,,,,,,,
Sugarcane Harvested (Tons per Acre),35,34.6,,,,,,,,,,,,,
Sugarcane Harvested for Sugar (Tons),"14,822,492","14,860,543",,,,,,,,,,,,,
Recovery Rate (Percent),12.3,12.4,,,,,,,,,,,,,
Sugar Production (STRV),"1,822,861","1,838,700",,,,,,,,,,,,,
Previous Sept. Production (STRV),"75,200","85,700",,,,,,,,,,,,,
Next Sept. Production (STRV),"70,200","70,200",,,,,,,,,,,,,
Fiscal Year Sugar Production (STRV),"1,817,861","1,823,200",,,,,,,,,,,,,
Sugarcane Harvested for Seed (Tons),"732,954","797,782",,,,,,,,,,,,,
Sugarcane Harvested for Seed (Acres),"29,806","29,989",,,,,,,,,,,,,
Sugarcane Harvested for Seed per Acre,25,27,,,,,,,,,,,,,
"FY Sugar Production (CWT,RV) for 832","36,357,229","36,463,996",,,,,,,,,,,,,
1/ MAY INCLUDE NEW CROP PRODUCTION FROM PREVIOUS AUGUST.,,,,,,,,,,,,,,,
,,,,,,,,,,,,,,,
,,,,,,,,,,,,,,,
Table 5G. Texas Processor Estimate FY 2018 - For the July 2018 WASDE  1/ ,,,,,,,,,,,,,,,
,,,,,,,,,,,,,,,
ITEM,MAY 17,JUN,JUL,AUG,SEP,OCT,NOV,DEC,JAN 18,FEB,MAR,APR,MAY,JUN,
Sugarcane Planted (Acres),"42,199","42,199","42,199","42,199","42,199","42,199","41,982","41,836","41,982","41,984","41,984","41,988","41,988","41,988",
Sugarcane Harvested to Planted (Percent),96,96,96,96,96,96,97.5,97.2,96.6,96.5,96.5,96.4,96.2,96.1,
Sugarcane Harvested for Sugar (Acres),"40,532","40,532","40,532","40,532","40,532","40,532","40,944","40,670","40,572","40,531","40,520","40,490","40,378","40,352",
Sugarcane Harvested (Tons per Acre),38,38,38.0,38.0,39,38.6,40,40,40,40,40,40,41.0,40.8,
Sugarcane Harvested for Sugar (Tons),"1,540,216","1,540,216","1,540,216","1,540,216","1,566,000","1,566,000","1,637,761","1,626,840","1,622,873","1,621,232","1,620,803","1,619,586","1,655,492","1,645,796",
Recovery Rate (Percent),10.5,10.5,10.5,10.5,10.5,10.5,10.5,10.5,10.5,10.7,10.7,10.7,10.3,10.2,
Sugar Production (STRV),"161,723","161,723","161,723","161,723","164,430","164,430","171,965","170,818","170,402","174,282","174,236","174,105","171,016","167,460",
Previous Sept. Production (STRV),0,0,0,0,0,0,0,0,0,0,0,0,0,0,
Next Sept. Production (STRV),0,0,0,0,0,0,0,0,0,0,0,"7,869","7,869","7,869",
Fiscal Year Sugar Production (STRV),"161,723","161,723","161,723","161,723","164,430","164,430","171,965","170,818","170,402","174,282","174,236","181,974","178,884","175,329",
Sugarcane Harvested for Seed (Tons),"75,015","75,015","75,015","75,015","75,015","75,015","43,008","55,920","60,670","62,010","62,281","62,315","62,563","62,563",
Sugarcane Harvested for Seed (Acres),"1,667","1,667","1,667","1,667","1,667","1,667",896,"1,165","1,264","1,292","1,298","1,298","1,303","1,303",
Sugarcane Harvested for Seed per Acre,45,45,45,45,45,45,48,48,48,48,48,48,48,48,
"FY Sugar Production (CWT,RV) for 832","3,234,454","3,234,454","3,234,454","3,234,454","3,288,600","3,288,600","3,439,298","3,416,364","3,408,033","3,485,649","3,484,726","3,639,487","3,577,690","3,506,572",
1/ MAY INCLUDE NEW CROP PRODUCTION FROM PREVIOUS AUGUST.,,,,,,,,,,,,,,,
,,,,,,,,,,,,,,,
,,,,,,,,,,,,,,,
Table 5H. Texas Processor Forecast FY 2019 - For the July 2018 WASDE  1/ ,,,,,,,,,,,,,,,
,,,,,,,,,,,,,,,
ITEM,MAY 18,JUN,,,,,,,,,,,,,
Sugarcane Planted (Acres),"39,600","39,600",,,,,,,,,,,,,
Sugarcane Harvested to Planted (Percent),96.2,96.2,,,,,,,,,,,,,
Sugarcane Harvested for Sugar (Acres),"38,100","38,100",,,,,,,,,,,,,
Sugarcane Harvested (Tons per Acre),38,38,,,,,,,,,,,,,
Sugarcane Harvested for Sugar (Tons),"1,447,800","1,447,800",,,,,,,,,,,,,
Recovery Rate (Percent),10.4,10.4,,,,,,,,,,,,,
Sugar Production (STRV),"151,114","151,114",,,,,,,,,,,,,
Previous Sept. Production (STRV),"7,869","7,869",,,,,,,,,,,,,
Next Sept. Production (STRV),"7,869",0,,,,,,,,,,,,,
Fiscal Year Sugar Production (STRV),"151,114","143,245",,,,,,,,,,,,,
Sugarcane Harvested for Seed (Tons),"57,000","57,000",,,,,,,,,,,,,
Sugarcane Harvested for Seed (Acres),"1,500","1,500",,,,,,,,,,,,,
Sugarcane Harvested for Seed per Acre,38,38,,,,,,,,,,,,,
"FY Sugar Production (CWT,RV) for 832","3,022,283","2,864,906",,,,,,,,,,,,,
1/ MAY INCLUDE NEW CROP PRODUCTION FROM PREVIOUS AUGUST.,,,,,,,,,,,,,,,
,,,,,,,,,,,,,,,
,,,,,,,,,,,,,,,
"TABLE 6.  U.S. ENDING STOCKS OF SUGAR, FISCAL YEAR 2018 (SHORT TONS, RAW VALUE)  1/",,,,,,,,,,,,,,,
,,,,,,,,,,,,,,,
ITEM,OCT,NOV,DEC,JAN,FEB,MAR,APR,MAY,JUN,JUL,AUG,SEP,,,
,,,,,,,,,,,,,,,
Sugar beet processors:,"1,139,027","1,397,322","1,715,888","1,952,992","2,049,100","2,060,443","2,002,127","1,849,072",0,0,0,0,,,
      Processor stocks,"813,080","1,227,423","1,614,405","1,867,173","1,986,098","2,006,965","1,954,899","1,809,167",0,0,0,0,,,
      Stocks held for others,"325,947","169,899","101,483","85,819","63,002","53,478","47,227","39,905",0,0,0,0,,,
,,,,,,,,,,,,,,,
Sugarcane processors,"446,448","998,576","1,528,744","1,773,405","1,845,775","1,934,372","1,746,270","1,525,423",0,0,0,0,,,
      Raw and all damaged refined,"446,448","998,576","1,528,744","1,773,405","1,845,775","1,934,372","1,746,270","1,525,423",0,0,0,0,,,
      Refined ,0,0,0,0,0,0,0,0,0,0,0,0,,,
,,,,,,,,,,,,,,,
"Cane refiners, Total:","788,950","876,757","853,989","760,212","806,884","805,117","957,580","956,172",0,0,0,0,,,
      Raw and all damaged refined,"505,613","586,658","538,274","447,447","479,303","480,851","589,359","594,192",0,0,0,0,,,
"      Other sugars (refined cryst., liquid etc.)","283,337","290,098","315,715","312,765","327,581","324,265","368,221","361,980",0,0,0,0,,,
,,,,,,,,,,,,,,,
Commodity Credit Corporation,0,0,0,0,0,0,0,0,0,0,0,0,,,
,,,,,,,,,,,,,,,
Total,"2,374,424","3,272,654","4,098,621","4,486,609","4,701,759","4,799,932","4,705,977","4,330,666",0,0,0,0,,,
    Total Raw,"952,060","1,585,234","2,067,019","2,220,852","2,325,078","2,415,224","2,335,629","2,119,615",0,0,0,0,,,
    Total Refined,"1,422,364","1,687,420","2,031,603","2,265,757","2,376,681","2,384,708","2,370,347","2,211,051",0,0,0,0,,,
,,,,,,,,,,,,,,,
1/ Numbers may not add due to rounding.,,,,,,,,,,,,,,,
,,,,,,,,,,,,,,,
,,,,,,,,,,,,,,,
"TABLE 6-A.  U.S. MISCELLANEOUS, FISCAL YEAR 2018 (SHORT TONS, RAW VALUE)  1/",,,,,,,,,,,,,,,
,,,,,,,,,,,,,,,
ITEM,OCT,NOV,DEC,JAN,FEB,MAR,APR,MAY,JUN,JUL,AUG,SEP,TOTAL,,
,,,,,,,,,,,,,,,
Miscellaneous supply adjustment:,"72,219","44,413","50,625","-64,322","14,727","-22,864","-9,688","-25,714",0,0,0,0,"59,394",,
  Refining loss,"3,558","1,953","5,844","10,101","-3,913","1,895","5,722","-7,636",0,0,0,0,"17,525",,
  Inventory adjustment 2/,"2,215","-6,010","2,068","1,771","3,967","4,484","16,853","3,825",0,0,0,0,"29,173",,
  Intra-industry sales less receipts 3/,"66,446","48,470","42,712","-76,194","14,673","-29,243","-32,263","-21,903",0,0,0,0,"12,697",,
,,,,,,,,,,,,,,,
"1/ Numbers may not add due to rounding.  2/ Includes damaged refined crystalline sugar.  3/ Reflects shipments of sugar by processors and refiners to other processors and refiners, less receipts of sugar.",,,,,,,,,,,,,,,
,,,,,,,,,,,,,,,
,,,,,,,,,,,,,,,
"TABLE 7.  U.S. DISTRIBUTION OF SUGAR, FISCAL YEAR 2018 (SHORT TONS, RAW VALUE) 1/",,,,,,,,,,,,,,,
,,,,,,,,,,,,,,,
ITEM,OCT,NOV,DEC,JAN,FEB,MAR,APR,MAY,JUN,JUL,AUG,SEP,TOTAL,,
,,,,,,,,,,,,,,,
Sugar beet processors,"519,855","473,896","387,268","416,119","414,086","454,455","425,931","436,010",0,0,0,0,"3,527,620",,
Sugarcane processors:,,,,,,,,,,,,,,,
          Florida,"95,505","143,642","178,819","179,185","156,059","168,708","163,794","144,306",0,0,0,0,"1,230,017",,
          Louisiana,"129,594","214,121","202,448","65,855","109,594","116,097","152,926","138,020",0,0,0,0,"1,128,656",,
          Texas,0,"20,498","10,373",0,"10,093","17,439","24,262","10,340",0,0,0,0,"93,006",,
     Total cane distribution,"225,099","378,261","391,640","245,040","275,745","302,245","340,982","292,666",0,0,0,0,"2,451,678",,
Cane processors refined sugar,0,0,0,0,0,0,0,0,0,0,0,0,0,,
Cane sugar refiners,"599,957","525,731","495,047","525,629","482,767","560,434","510,288","557,791",0,0,0,0,"4,257,645",,
Imports to non-reporters  2/,"117,864","-33,541","96,845","145,316","-92,439","117,966","37,975","62,898",0,0,0,0,"452,883",,
Commodity Credit Corporation,0,0,0,0,0,0,0,0,0,0,0,0,0,,
Total,"1,462,775","1,344,347","1,370,801","1,332,104","1,080,160","1,435,100","1,315,176","1,349,364",0,0,0,0,"10,689,826",,
,,,,,,,,,,,,,,,
Beet processors  3/,"517,843","470,786","383,427","411,794","411,530","449,553","415,306","427,159",0,0,0,0,"3,487,399",,
Cane refiners/processors  3/,"538,373","505,595","446,599","476,243","456,869","522,319","480,020","537,304",0,0,0,0,"3,963,322",,
      Domestic deliveries,"1,056,217","976,380","830,026","888,038","868,398","971,872","895,327","964,464",0,0,0,0,"7,450,721",,
Imports to non-reporters 2/,"117,864","-33,541","96,845","145,316","-92,439","117,966","37,975","62,898",0,0,0,0,"452,883",,
       Human use,"1,174,080","942,839","926,870","1,033,354","775,960","1,089,838","933,302","1,027,361",0,0,0,0,"7,903,604",,
Products Re-export Program,"8,392","8,803","8,573","9,795","8,772","11,473","17,038","8,957",0,0,0,0,"81,803",,
Alcohol non-human use,"1,138",987,894,876,"1,133",886,"1,010","2,808",0,0,0,0,"9,732",,
Livestock feed,661,319,288,647,336,547,743,"1,812",0,0,0,0,"5,354",,
       Total domestic deliveries,"1,184,271","952,949","936,625","1,044,671","786,201","1,102,744","952,093","1,040,938",0,0,0,0,"8,000,493",,
"Refined exports, including re-exports","37,320","4,773","27,153","28,822","11,953","20,427","10,831","7,043",0,0,0,0,"148,323",,
Other primary distributors,"241,183","386,625","407,022","258,610","282,006","311,929","352,252","301,383",0,0,0,0,"2,541,010",,
Commodity Credit Corporation,0,0,0,0,0,0,0,0,0,0,0,0,0,,
Total,"1,462,775","1,344,347","1,370,801","1,332,104","1,080,160","1,435,100","1,315,176","1,349,364",0,0,0,0,"10,689,826",,
,,,,,,,,,,,,,,,
"1/ Numbers may not add due to rounding.  2/  Source:  U.S. Department of Commerce, Bureau of the Census.  3/  Data for Sugar-Containing Re-export Program are not included.",,,,,,,,,,,,,,,
,,,,,,,,,,,,,,,
,,,,,,,,,,,,,,,
TABLE 8:  U.S SUGAR DELIVERIES FOR HUMAN USE AND PRODUCTS RE-EXPORT BY REPORTERS ,,,,,,,,,,,,,,,
"FOR MAY 2018 (SHORT TONS, RAW VALUE)   1/",,,,,,,,,,,,,,,
,,,,,,,,,,,,,,,
PRODUCT OR BUSINESS OF BUYER,NEW,MID,NORTH,SOUTH,WEST,PUERTO,TOTAL,,,,,,,,
,ENGLAND,ATLANTIC,CENTRAL,,,RICO,,,,,,,,,
,,,,,,,,,,,,,,,
Total Deliveries (actual weight),"36,967","146,004","303,473","285,968","133,969","3,358","909,739",,,,,,,,
"  Bakery, cereal, and related products ","6,200","24,640","72,856","63,264","40,540",0,"207,500",,,,,,,,
  Confectionery and related products ,"4,173","34,679","31,561","29,495","7,201",0,"107,109",,,,,,,,
  Ice cream and dairy products ,"6,353","13,037","19,386","25,083","10,207",0,"74,066",,,,,,,,
  Beverages ,936,"5,654","28,518","20,932","5,140",680,"61,859",,,,,,,,
"  Canned, bottled and frozen foods",558,"2,749","9,112","8,878","9,648",0,"30,944",,,,,,,,
  Multiple and all other food uses,"1,532","8,215","49,378","28,675","11,958",0,"99,758",,,,,,,,
  Non-food uses,148,"1,857","1,976","4,702","1,305",0,"9,988",,,,,,,,
"  Hotels, restaurants, institutions",87,288,576,"2,920","4,234",0,"8,106",,,,,,,,
"  Wholesale grocers, jobbers, dealers","10,426","41,433","64,101","44,730","20,316","1,015","182,021",,,,,,,,
"  Retail grocers, chain stores ","3,772","13,074","25,275","39,330","20,585",505,"102,541",,,,,,,,
  Government agencies,0,6,25,141,967,0,"1,139",,,,,,,,
  All other deliveries,"2,782",374,710,"17,817","1,867","1,158","24,709",,,,,,,,
,,,,,,,,,,,,,,,
"Total Deliveries (st,rv) 2/","39,554","156,224","324,716","305,986","143,347","3,593","973,421",,,,,,,,
 Crystalline:,"29,200","136,523","289,483","264,398","113,638","2,866","836,108",,,,,,,,
    Consumer-size packages,"10,890","44,875","37,739","76,992","24,030",668,"195,195",,,,,,,,
    Packages 50 lbs and greater,"6,807","37,514","74,728","83,435","49,859","1,619","253,961",,,,,,,,
    Unpackaged (bulk),"11,503","54,133","177,017","103,970","39,749",580,"386,952",,,,,,,,
  Non-crystalline 3/,"10,355","19,702","35,233","41,588","29,708",728,"137,313",,,,,,,,
,,,,,,,,,,,,,,,
"1/  Numbers may not add due to rounding.  Includes damaged refined crystalline sugar.  Deliveries from domestic sugar beet processors, sugarcane processors ",,,,,,,,,,,,,,,
"and cane sugar refiners.  2/  Short tons, raw value represents 1.07 multiplied by actual weight.  3/ Includes all liquid, edible molasses, sugar syrups and cane juice. ",,,,,,,,,,,,,,,
,,,,,,,,,,,,,,,
,,,,,,,,,,,,,,,
TABLE 9:  U.S SUGAR DELIVERIES FOR HUMAN USE AND PRODUCTS RE-EXPORT BY REPORTERS FOR,,,,,,,,,,,,,,,
MAY 2018 AND FISCAL YEAR 2018  1/,,,,,,,,,,,,,,,
,,,,,,,,,,,,,,,
,,MAY,,FISCAL YEAR CUMULATIVE,,,,,,,,,,,
PRODUCT OR BUSINESS OF BUYER,BEET,CANE,TOTAL,BEET,CANE,TOTAL,,,,,,,,,
,,,,,,,,,,,,,,,
Total Deliveries (actual weight),"402,334","507,405","909,739","3,268,325","3,771,419","7,039,744",,,,,,,,,
"  Bakery, cereal, and related products ","132,172","75,328","207,500","1,089,685","535,248","1,624,933",,,,,,,,,
  Confectionery and related products ,"42,132","64,976","107,109","314,717","477,507","792,224",,,,,,,,,
  Ice cream and dairy products ,"18,374","55,692","74,066","121,141","405,989","527,130",,,,,,,,,
  Beverages ,"29,637","32,222","61,859","225,662","226,675","452,337",,,,,,,,,
"  Canned, bottled and frozen foods","16,324","14,621","30,944","125,806","117,422","243,227",,,,,,,,,
  Multiple and all other food uses,"63,827","35,930","99,758","512,173","285,989","798,162",,,,,,,,,
  Non-food uses,"1,792","8,196","9,988","17,544","64,258","81,803",,,,,,,,,
"  Hotels, restaurants, institutions","1,522","6,584","8,106","12,622","50,559","63,181",,,,,,,,,
"  Wholesale grocers, jobbers, dealers",53103,"128,919","182,021","443,177","970,542","1,413,719",,,,,,,,,
"  Retail grocers, chain stores ","36,855","65,687","102,541","334,907","480,991","815,898",,,,,,,,,
  Government agencies,0,"1,139","1,139",8,"8,449","8,456",,,,,,,,,
  All other deliveries,"6,596","18,112","24,709","70,883","147,791","218,674",,,,,,,,,
,,,,,,,,,,,,,,,
"Total Deliveries (st,rv) 2/","430,497","542,924","973,421","3,497,108","4,035,418","7,532,526",,,,,,,,,
 Crystalline:,"388,776","447,331","836,108","3,199,583","3,344,615","6,544,197",,,,,,,,,
    Consumer-size packages,"40,017","155,178","195,195","395,349","1,108,728","1,504,077",,,,,,,,,
    Packages 50 lbs and greater,"99,875","154,086","253,961","786,165","1,131,212","1,917,377",,,,,,,,,
    Unpackaged (bulk),"248,885","138,067","386,952","2,018,068","1,104,675","3,122,743",,,,,,,,,
  Non-crystalline 3/,"41,721","95,592","137,313","297,525","690,804","988,329",,,,,,,,,
,,,,,,,,,,,,,,,
"1/  Numbers may not add due to rounding.  Includes damaged refined crystalline sugar.  Deliveries from domestic sugar beet processors, ",,,,,,,,,,,,,,,
"sugarcane processors and cane sugar refiners.  2/  Short tons, raw value represents 1.07 multiplied by actual weight.  3/ Includes all liquid, edible",,,,,,,,,,,,,,,
"molasses, sugar syrups and cane juice. ",,,,,,,,,,,,,,,
,,,,,,,,,,,,,,,
TABLE 10:  U.S SUGAR DELIVERIES FOR HUMAN USE AND PRODUCTS RE-EXPORT BY REPORTERS ,,,,,,,,,,,,,,,
"THROUGH MAY 2018 (SHORT TONS, RAW VALUE)   1/",,,,,,,,,,,,,,,
,,,,,,,,,,,,,,,
PRODUCT OR BUSINESS OF BUYER,NEW,MID,NORTH,SOUTH,WEST,PUERTO,TOTAL,,,,,,,,
,ENGLAND,ATLANTIC,CENTRAL,,,RICO,,,,,,,,,
,,,,,,,,,,,,,,,
Total Deliveries (actual weight),"263,298","1,087,896","2,469,678","2,220,066","978,088","20,717","7,039,744",,,,,,,,
"  Bakery, cereal, and related products ","44,934","175,998","621,607","485,636","296,758",0,"1,624,933",,,,,,,,
  Confectionery and related products ,"30,915","249,023","253,410","206,211","52,664",0,"792,224",,,,,,,,
  Ice cream and dairy products ,"41,705","100,013","124,866","198,044","62,501",0,"527,130",,,,,,,,
  Beverages ,"5,783","44,644","218,672","152,728","29,830",680,"452,337",,,,,,,,
"  Canned, bottled and frozen foods","4,621","22,466","84,236","72,804","59,101",0,"243,227",,,,,,,,
  Multiple and all other food uses,"12,114","69,451","391,436","233,190","91,970",0,"798,162",,,,,,,,
  Non-food uses,"1,043","17,154","19,479","35,205","8,922",0,"81,803",,,,,,,,
"  Hotels, restaurants, institutions",602,"2,042","4,383","24,051","32,101",0,"63,181",,,,,,,,
"  Wholesale grocers, jobbers, dealers","74,805","303,760","531,894","337,979","157,305","7,976","1,413,719",,,,,,,,
"  Retail grocers, chain stores ","26,909","100,707","209,268","313,473","161,505","4,037","815,898",,,,,,,,
  Government agencies,0,39,194,"1,127","7,097",0,"8,456",,,,,,,,
  All other deliveries,"19,867","2,599","10,233","159,618","18,333","8,024","218,674",,,,,,,,
,,,,,,,,,,,,,,,
"Total Deliveries (st,rv) 2/","281,729","1,164,049","2,642,556","2,375,471","1,046,555","22,167","7,532,526",,,,,,,,
 Crystalline:,"215,468","1,024,627","2,383,638","2,038,538","860,487","21,439","6,544,197",,,,,,,,
    Consumer-size packages,"76,720","320,707","316,118","587,193","198,392","4,948","1,504,077",,,,,,,,
    Packages 50 lbs and greater,"49,395","276,072","580,251","620,622","378,563","12,474","1,917,377",,,,,,,,
    Unpackaged (bulk),"89,353","427,848","1,487,270","830,722","283,532","4,018","3,122,743",,,,,,,,
  Non-crystalline 3/,"66,261","139,422","258,918","336,933","186,068",728,"988,329",,,,,,,,
,,,,,,,,,,,,,,,
"1/  Numbers may not add due to rounding.  Includes damaged refined crystalline sugar.  Deliveries from domestic sugar beet processors, sugarcane processors ",,,,,,,,,,,,,,,
"and cane sugar refiners.  2/  Short tons, raw value represents 1.07 multiplied by actual weight.  3/ Includes all liquid, edible molasses, sugar syrups and cane juice. ",,,,,,,,,,,,,,,
,,,,,,,,,,,,,,,
,,,,,,,,,,,,,,,
TABLE 11:  U.S SUGAR DELIVERIES FOR HUMAN USE AND PRODUCTS RE-EXPORT,,,,,,,,,,,,,,,
BY REPORTERS FOR FISCAL YEARS 2018 AND 2017 (THRU MAY) AND PERCENT CHANGE 1/,,,,,,,,,,,,,,,
,,,,,,,,,,,,,,,
,FY 2018,FY 2017,PERCENT,,,,,,,,,,,,
PRODUCT OR BUSINESS OF BUYER,(OCT - MAY),(OCT - MAY),CHANGE,,,,,,,,,,,,
,,,,,,,,,,,,,,,
Total Deliveries (actual weight),"7,039,744","7,081,925",-0.6,,,,,,,,,,,,
"  Bakery, cereal, and related products ","1,624,933","1,673,968",-2.9,,,,,,,,,,,,
  Confectionery and related products ,"792,224","742,483",6.7,,,,,,,,,,,,
  Ice cream and dairy products ,"527,130","498,383",5.8,,,,,,,,,,,,
  Beverages ,"452,337","449,672",0.6,,,,,,,,,,,,
"  Canned, bottled and frozen foods","243,227","273,563",-11.1,,,,,,,,,,,,
  Multiple and all other food uses,"798,162","603,743",32.2,,,,,,,,,,,,
  Non-food uses,"81,803","98,693",-17.1,,,,,,,,,,,,
"  Hotels, restaurants, institutions","63,181","55,217",14.4,,,,,,,,,,,,
"  Wholesale grocers, jobbers, dealers","1,413,719","1,491,354",-5.2,,,,,,,,,,,,
"  Retail grocers, chain stores ","815,898","793,738",2.8,,,,,,,,,,,,
  Government agencies,"8,456","8,725",-3.1,,,,,,,,,,,,
  All other deliveries,"218,674","392,385",-44.3,,,,,,,,,,,,
,.,.,.,,,,,,,,,,,,
"Total Deliveries (st,rv) 2/","7,532,526","7,577,660",-0.6,,,,,,,,,,,,
 Crystalline:,"6,544,197","6,579,393",-0.5,,,,,,,,,,,,
    Consumer-size packages,"1,504,077","1,469,388",2.4,,,,,,,,,,,,
    Packages 50 lbs and greater,"1,917,377","1,934,763",-0.9,,,,,,,,,,,,
    Unpackaged (bulk),"3,122,743","3,175,241",-1.7,,,,,,,,,,,,
  Non-crystalline 3/,"988,329","998,267",-1.0,,,,,,,,,,,,
,,,,,,,,,,,,,,,
1/  Numbers may not add due to rounding.  Includes damaged refined crystalline sugar.  Deliveries from,,,,,,,,,,,,,,,
"domestic suar beet processors, sugarcane processors and cane sugar refiners.  2/ Short tons, raw value ",,,,,,,,,,,,,,,
"represents 1.07 multiplied by actual weight.  3/ Includes all liquid, edible molasses, sugar syrups and cane juice. ",,,,,,,,,,,,,,,
